step,epoch,train_loss,eval_loss
1,0.2222222222222222,2.1449,
2,0.4444444444444444,2.366,
3,0.6666666666666666,2.4276,
4,0.8888888888888888,2.1048,
5,1.0,2.0978,
5,1.0,,1.9185224771499634
6,1.2222222222222223,2.0233,
7,1.4444444444444444,1.7504,
8,1.6666666666666665,1.9545,
9,1.8888888888888888,1.8562,
10,2.0,1.3269,
10,2.0,,1.7573020458221436
11,2.2222222222222223,1.6273,
12,2.4444444444444446,1.546,
13,2.6666666666666665,1.7049,
14,2.888888888888889,1.9141,
15,3.0,1.4161,
15,3.0,,1.7259187698364258
15,3.0,,
